title,id,image_url,title_sort,artist,category,category_id,chap_id,chapter,chara_id,chara_img,copyright1,copyright2,copyright3,date,lev_bas,lev_adv,lev_exc,lev_mas,lev_lnt,character,logo1,logo2,logo3,lunatic,new,enemy_lv,enemy_type,lev_bas_i,lev_adv_i,lev_exc_i,lev_mas_i,lev_lnt_i
ＧＯ！ＧＯ！ラブリズム♥,0420,0001.jpg,GOGOラフリスム,片霧烈火オンザみんマンション,チュウマイ,05,01001,目指せ！　いっぱいのエール！,1010,img,,,,20180726,3,6,9,12,,星咲 あかり,,,,,,5,FIRE,,,,12.3,
Cyberozar,0690,0002.jpg,CYBEROZAR,削除,チュウマイ,05,01004,カフェ de スクランブル,1040,img,,,,20180726,4,6,10,13,,高瀬 梨緒,,,,,,15,AQUA,,,10,13.2,
檄!帝国華撃団,0400,0003.jpg,ケキテイコクカケキタン,真宮寺さくら（横山智佐）＆帝国歌劇団「サクラ大戦」,VARIETY,04,01001,目指せ！　いっぱいのエール！,1010,img,,,,20180726,2,5,7+,11,,星咲 あかり,,,,,,1,FIRE,,,,11.3,
シュガーソングとビターステップ,0390,0004.jpg,シユカソンクトヒタステツフ,UNISON SQUARE GARDEN,POPS＆ANIME,01,01001,目指せ！　いっぱいのエール！,1010,img,Licensed by TOY'S FACTORY INC.,,,20180726,2,5,7+,11+,,星咲 あかり,,,,,,1,FIRE,,,,11.7,
回レ！雪月花,0410,0005.jpg,マワレセツケツカ,歌組雪月花 夜々(原田 ひとみ)/いろり(茅野 愛衣)/小紫(小倉 唯) 「機巧少女は傷つかない」,POPS＆ANIME,01,01001,目指せ！　いっぱいのエール！,1010,img,©2013 海冬レイジ・株式会社KADOKAWA メディアファクトリー刊／機巧少女は傷つかない製作委員会,,,20180726,3,6,9,12,,星咲 あかり,,,,,,3,FIRE,,,,12,
ファッとして桃源郷,0450,0006.jpg,フアツトシテトウケンキヨウ,新庄 かなえ(CV:三森 すずこ) 「てーきゅう」,POPS＆ANIME,01,01001,目指せ！　いっぱいのエール！,1020,img,©アース・スターエンターテイメント,,,20180726,3,6,8,12,,藤沢 柚子,,,,,,1,LEAF,,,,12.5,
かくしん的☆めたまるふぉ～ぜっ!,0460,0007.jpg,カクシンテキメタマルフオセツ,土間うまる [CV.田中あいみ]「干物妹！うまるちゃん」,POPS＆ANIME,01,01001,目指せ！　いっぱいのエール！,1020,img,©2015 サンカクヘッド／集英社・「干物妹！うまるちゃん」製作委員会,,,20180726,3,5,8,12,,藤沢 柚子,,,,,,1,LEAF,,,,12.5,
Oshama Scramble!,0480,0008.jpg,OSHAMASCRAMBLE,t+pazolite,チュウマイ,05,01001,目指せ！　いっぱいのエール！,1020,img,,,,20180726,4,7,10,13+,,藤沢 柚子,,,,,,5,LEAF,,,10.2,13.8,
This game,0500,0009.jpg,THISGAME,鈴木このみ「ノーゲーム・ノーライフ」,POPS＆ANIME,01,01001,目指せ！　いっぱいのエール！,1030,img,©2014 榎宮祐・株式会社ＫＡＤＯＫＡＷＡ メディアファクトリー刊／ノーゲーム・ノーライフ全権代理委員会,,,20180726,3,6,8+,11,,三角 葵,,,,,,1,AQUA,,,,11.6,
君の知らない物語,0380,0010.jpg,キミノシラナイモノカタリ,supercell 「化物語」,POPS＆ANIME,01,01001,目指せ！　いっぱいのエール！,1010,img,,,,20180726,2,5,7+,10,,星咲 あかり,,,,,,1,FIRE,,,,10.4,
SAVIOR OF SONG,0520,0011.jpg,SAVIOROFSONG,ナノ feat.MY FIRST STORY 「蒼き鋼のアルペジオ ‐アルス・ノヴァ‐」,POPS＆ANIME,01,01001,目指せ！　いっぱいのエール！,1030,img,©Ark Performance／少年画報社・アルペジオパートナーズ,,,20180726,3,7,8,12,,三角 葵,,,,,,1,AQUA,,,,12.2,
心象蜃気楼,0530,0012.jpg,シンシヨウシンキロウ,Orangestar,チュウマイ,05,01001,目指せ！　いっぱいのエール！,1030,img,,,,20180726,2,6,8+,12,,三角 葵,,,,,,3,AQUA,,,,12.2,
AMAZING MIGHTYYYY!!!!,0700,0013.jpg,AMAZINGMIGHTYYYY,WAiKURO,チュウマイ,05,01004,カフェ de スクランブル,1040,img,,,,20180726,4,7,10+,13+,,高瀬 梨緒,,,,,,20,AQUA,,,10.7,13.8,
Perfect Shining!!,0360,0014.jpg,PERFECTSHINING,曲：宮崎誠／歌：星咲 あかり(CV:赤尾 ひかる),オンゲキ,06,01001,目指せ！　いっぱいのエール！,1010,img,,,,20180726,3,6,8,11,,星咲 あかり,,,,,,1,FIRE,,,,11.4,
ようこそジャパリパークへ,0440,0015.jpg,ヨウコソシヤハリハクヘ,どうぶつビスケッツ×PPP「けものフレンズ」,POPS＆ANIME,01,01001,目指せ！　いっぱいのエール！,1020,img,©けものフレンズプロジェクト,,,20180726,3,6,8,11+,,藤沢 柚子,,,,,,1,LEAF,,,,11.9,
Mare Maris,0560,0016.jpg,MAREMARIS,M2U,チュウマイ,05,01002,自称・超絶最強、登場！,1040,img,,,,20180726,3,7,9,12,,高瀬 梨緒,,,,,,5,AQUA,,,,12.4,
Gate of Doom,0730,0017.jpg,GATEOFDOOM,Masahiro “Godspeed” Aoki,チュウマイ,05,01004,カフェ de スクランブル,1050,img,,,,20180726,4,7+,11,13,,結城 莉玖,,,,,,20,FIRE,,,11,13.5,
Los! Los! Los!,0510,0018.jpg,LOSLOSLOS,ターニャ・デグレチャフ(CV.悠木碧)「幼女戦記」,POPS＆ANIME,01,01001,目指せ！　いっぱいのエール！,1030,img,© カルロ・ゼン・KADOKAWA刊／幼女戦記製作委員会,,,20180726,2,6,8+,12,,三角 葵,,,,,,1,AQUA,,,,12.2,
The Formula,0540,0019.jpg,THEFORMULA,Junk,VARIETY,04,01001,目指せ！　いっぱいのエール！,1030,img,,,,20180726,4,7,9+,12,,三角 葵,,,,,,5,AQUA,,,,12.6,
Halcyon,0590,0020.jpg,HALCYON,xi,VARIETY,04,01002,自称・超絶最強、登場！,1040,img,,,,20180726,4,7+,11,13,,高瀬 梨緒,,,,,,10,AQUA,,,11,13.6,
Hyper Active,0570,0021.jpg,HYPERACTIVE,HiTECH NINJA,チュウマイ,05,01002,自称・超絶最強、登場！,1040,img,,,,20180726,3,7+,11,12+,,高瀬 梨緒,,,,,,8,AQUA,,,11,12.8,
六兆年と一夜物語,0640,0022.jpg,ロクチヨウネントイチヤモノカタリ,kemu,niconico,02,01003,嘘とがおー！とかたき討ち,1050,img,,,,20180726,3,6,9,12,,結城 莉玖,,,,,,20,FIRE,,,,12.5,
天ノ弱,0620,0023.jpg,アマノシヤク,164,niconico,02,01003,嘘とがおー！とかたき討ち,1050,img,"GUMI(Megpoid)©INTERNET Co., LTD.",,,20180726,3,5,9,12,,結城 莉玖,,,,,,10,FIRE,,,,12.1,
千本桜,0660,0024.jpg,センホンサクラ,黒うさP,niconico,02,01003,嘘とがおー！とかたき討ち,1060,img,,,,20180726,2,6,8+,11+,,藍原 椿,,,,,,10,LEAF,,,,11.8,
天火明命,0680,0025.jpg,アメノホアカリ,削除,チュウマイ,05,01003,嘘とがおー！とかたき討ち,1060,img,,,,20180726,3,6,9+,12+,,藍原 椿,,,,,,20,LEAF,,,,12.9,
キミノヨゾラ哨戒班,0720,0026.jpg,キミノヨソラシヨウカイハン,Orangestar,niconico,02,01004,カフェ de スクランブル,1050,img,,,,20180726,3,6,9,12,,結城 莉玖,,,,,,20,FIRE,,,,12.5,
鬼KYOKAN,0760,0027.jpg,オニKYOKAN,じーざすP（ワンダフル☆オポチュニティ！）,niconico,02,01004,カフェ de スクランブル,1060,img,"© Crypton Future Media, INC. www.piapro.net",,,20180726,4,6,10,13,,藍原 椿,piapro,,,,,20,LEAF,,,10.5,13,
オモイヨシノ,0670,0028.jpg,オモイヨシノ,loos feat. 柊莉杏,VARIETY,04,01003,嘘とがおー！とかたき討ち,1060,img,,,,20180726,3,5,9,12,,藍原 椿,,,,,,15,LEAF,,,,12,
ときめきエクスペリエンス！,1660,0029.jpg,トキメキエクスヘリエンス,Poppin’Party「バンドリ！ ガールズバンドパーティ！」,POPS＆ANIME,01,99007,バンドリ！ ガールズバンドパーティ！,5010,img,©BanG Dream! Project ©Craft Egg Inc. ©bushiroad All Rights Reserved.,,,20180726,2,6,8,10,,戸山香澄,,,,,,1,FIRE,,,,10.6,
That Is How I Roll!,1670,0030.jpg,THATISHOWIROLL,Afterglow「バンドリ！ ガールズバンドパーティ！」,POPS＆ANIME,01,99007,バンドリ！ ガールズバンドパーティ！,5020,img,©BanG Dream! Project ©Craft Egg Inc. ©bushiroad All Rights Reserved.,,,20180726,2,5,9,11,,美竹蘭,,,,,,1,FIRE,,,,11,
しゅわりん☆どり〜みん,1680,0031.jpg,シユワリントリミン,Pastel＊Palettes「バンドリ！ ガールズバンドパーティ！」,POPS＆ANIME,01,99007,バンドリ！ ガールズバンドパーティ！,5030,img,©BanG Dream! Project ©Craft Egg Inc. ©bushiroad All Rights Reserved.,,,20180726,2,6,8+,10+,,丸山彩,,,,,,1,LEAF,,,,10.7,
BLACK SHOUT,1690,0032.jpg,BLACKSHOUT,Roselia「バンドリ！ ガールズバンドパーティ！」,POPS＆ANIME,01,99007,バンドリ！ ガールズバンドパーティ！,5040,img,©BanG Dream! Project ©Craft Egg Inc. ©bushiroad All Rights Reserved.,,,20180726,2,5,9,11+,,湊友希那,,,,,,1,AQUA,,,,11.7,
えがおのオーケストラっ！,1700,0033.jpg,エカオノオケストラツ,ハロー、ハッピーワールド！「バンドリ！ ガールズバンドパーティ！」,POPS＆ANIME,01,99007,バンドリ！ ガールズバンドパーティ！,5050,img,©BanG Dream! Project ©Craft Egg Inc. ©bushiroad All Rights Reserved.,,,20180726,2,5,8,10,,弦巻こころ,,,,,,1,LEAF,,,,10.6,
STARTLINER,0370,0034.jpg,STARTLINER,曲：kz(livetune)／歌：オンゲキシューターズ,オンゲキ,06,01001,目指せ！　いっぱいのエール！,1010,img,,,,20180726,2,5,8+,11,,星咲 あかり,,,,,,2,FIRE,,,,11,
みんな Happy!!,0430,0035.jpg,ミンナHAPPY,曲：ヒゲドライバー／歌：藤沢 柚子(CV:久保田 梨沙),オンゲキ,06,01001,目指せ！　いっぱいのエール！,1020,img,,,,20180726,2,5,9,11,,藤沢 柚子,,,,,,1,LEAF,,,,11.4,
Zest of Blue,0490,0036.jpg,ZESTOFBLUE,曲：上松範廉(Elements Garden)／歌：三角 葵(CV:春野 杏),オンゲキ,06,01001,目指せ！　いっぱいのエール！,1030,img,,,,20180726,3,6,9+,12,,三角 葵,,,,,,1,AQUA,,,,12,
Dolphika,0600,0037.jpg,DOLPHIKA,HiTECH NINJA,オンゲキ,06,01002,自称・超絶最強、登場！,1040,img,,,,20180726,3,6,10+,13,,高瀬 梨緒,,,,,,10,AQUA,,,10.7,13.6,
Here We Go,0550,0038.jpg,HEREWEGO,曲：TeddyLoid／歌：高瀬 梨緒(CV:久保 ユリカ),オンゲキ,06,01002,自称・超絶最強、登場！,1040,img,,,,20180726,2,5,9,12,,高瀬 梨緒,,,,,,5,AQUA,,,,12.6,
P！P！P！P！がおー!!,0610,0039.jpg,PPPPカオ,曲：Tom-H@ck／歌：結城 莉玖(CV：朝日奈 丸佳),オンゲキ,06,01003,嘘とがおー！とかたき討ち,1050,img,,,,20180726,4,7+,10,12+,,結城 莉玖,,,,,,5,FIRE,,,10.5,12.9,
タテマエと本心の大乱闘,0650,0040.jpg,タテマエトホンシンノタイラントウ,曲：鯨井国家／歌：藍原 椿(CV：橋本 ちなみ),オンゲキ,06,01003,嘘とがおー！とかたき討ち,1060,img,,,,20180726,4,6,9+,12,,藍原 椿,,,,,,5,LEAF,,,,12,
Ai Nov,0710,0041.jpg,AINOV,Feryquitous,オンゲキ,06,01004,カフェ de スクランブル,1040,img,,,,20180726,4,7+,11,13+,,高瀬 梨緒,,,,,,30,AQUA,,,11,13.8,
ロッキンピンクモンスター,0740,0042.jpg,ロツキンヒンクモンスタ,豚乙女,オンゲキ,06,01004,カフェ de スクランブル,1050,img,,,,20180726,3,7,10+,12+,,結城 莉玖,,,,,,30,FIRE,,,10.8,12.8,
ブツメツビーターズ,0770,0043.jpg,フツメツヒタス,有形ランペイジ,オンゲキ,06,01004,カフェ de スクランブル,1060,img,,,,20180726,3,7,9+,13,,藍原 椿,,,,,,30,LEAF,,,,13.1,
おこちゃま戦争,0630,0044.jpg,オコチヤマセンソウ,ギガ/れをる,niconico,02,01003,嘘とがおー！とかたき討ち,1050,img,"© Crypton Future Media, INC. www.piapro.net",,,20180726,3,6,9,12,,結城 莉玖,piapro,,,,,15,FIRE,,,,12.3,
Brain Power,0580,0045.jpg,BRAINPOWER,ノマ,VARIETY,04,01002,自称・超絶最強、登場！,1040,img,,,,20180726,4,6,9+,13,,高瀬 梨緒,,,,,,8,AQUA,,,,13.4,
脳漿炸裂ガール,0470,0046.jpg,ノウシヨウサクレツカル,れるりり,niconico,02,01001,目指せ！　いっぱいのエール！,1020,img,,,,20180726,3,5,10,13,,藤沢 柚子,,,,,,3,LEAF,,,10,13.1,
木彫り鯰と右肩ゾンビ,0750,0047.jpg,キホリナマストミキカタソンヒ,hanzo/赤飯歌唱Ver,niconico,02,01004,カフェ de スクランブル,1060,img,,,,20180726,3,6,9+,12,,藍原 椿,,,,,,20,LEAF,,,,12.4,
We Gonna Journey,0850,0048.png,WEGONNAJOURNEY,Queen P.A.L.,チュウマイ,05,01005,ハルちゃん印のお弁当,1080,img,,,,20180809,3,7,10,13,,早乙女 彩華,,,,,,30,AQUA,,,10.4,13.4,
初音ミクの激唱,1880,0049.png,ハツネミクノケキシヨウ,Storyteller,niconico,02,00001,マイリスト,3010,img,"© Crypton Future Media, INC. www.piapro.net",,,20180809,4,7+,10+,13+,,初音ミク,piapro,,,,,1,AQUA,,,10.9,13.9,
ヒビカセ,1890,0050.png,ヒヒカセ,GigaReol,niconico,02,00001,マイリスト,3010,img,,,,20180809,2,6,9,12,,初音ミク,,,,,,1,AQUA,,,,12.1,
鳥の詩,0800,0051.png,トリノウタ,Lia「AIR」,POPS＆ANIME,01,01005,ハルちゃん印のお弁当,1070,img,,,,20180809,1,5,8,11,,桜井 春菜,,,,,,20,AQUA,,,,11,
SWEET SHAKE!!,0780,0052.png,SWEETSHAKE,曲：佐藤純一（fhána）／歌：桜井 春菜(CV：近藤 玲奈),オンゲキ,06,01005,ハルちゃん印のお弁当,1070,img,,,,20180809,2,6,8+,12,,桜井 春菜,,,,,,10,AQUA,,,,12.6,
SAKURA,0830,0053.png,SAKURA,WITCH NUMBER 4「Tokyo 7th シスターズ」,POPS＆ANIME,01,01005,ハルちゃん印のお弁当,1080,img,©2014 Donuts Co. Ltd. All Rights Reserved,,,20180809,2,5,8,10+,,早乙女 彩華,,,,,,15,AQUA,,,,10.9,
Paqqin,0840,0054.png,PAQQIN,owl＊tree,チュウマイ,05,01005,ハルちゃん印のお弁当,1080,img,,,,20180809,3,6,10,13,,早乙女 彩華,,,,,,20,AQUA,,,10.4,13,
What color...,0820,0055.png,WHATCOLOR,曲：NAOKI／歌：早乙女 彩華(CV：中島 唯),オンゲキ,06,01005,ハルちゃん印のお弁当,1080,img,,,,20180809,2,6,9,12+,,早乙女 彩華,,,,,,10,AQUA,,,,12.8,
閃鋼のブリューナク,0860,0056.png,センコウノフリユナク,sasakure.UK,チュウマイ,05,01006,波乱！副会長の通告！,1110,img,,,,20180809,4,7+,10,13+,,九條 楓,,,,,,30,LEAF,,,10.4,13.9,
神威,0870,0057.png,カムイ,TJ.hangneil,VARIETY,04,01006,波乱！副会長の通告！,1110,img,,,,20180809,4,8,12,14,,九條 楓,,,,,,30,LEAF,,,12,14.3,
Maqrite,0890,0058.png,MAQRITE,owl＊tree,オンゲキ,06,01006,波乱！副会長の通告！,1110,img,,,,20180809,2,6,9+,13,,九條 楓,,,,,,40,LEAF,,,,13.6,
Sword of Secret,0880,0059.png,SWORDOFSECRET,"Cranky,Morrigan feat.Lily",オンゲキ,06,01006,波乱！副会長の通告！,1110,img,,,,20180809,3,7,9+,13,,九條 楓,,,,,,40,LEAF,,,,13.5,
Everlasting Today,0900,0060.png,EVERLASTINGTODAY,void (Mournfinale),オンゲキ,06,01006,波乱！副会長の通告！,1110,img,,,,20180809,3,7+,12,14,,九條 楓,,,,,,50,LEAF,,,12.1,14.1,
Red “reduction division” -crossroads version-,0790,0061.png,REDREDUCTIONDIVISION,fripSide,POPS＆ANIME,01,01005,ハルちゃん印のお弁当,1070,img,,,,20180809,2,5,9,11+,,桜井 春菜,,,,,,15,AQUA,,,,11.9,
First Twinkle,0810,0062.png,FIRSTTWINKLE,折戸伸治 feat.北沢綾香,チュウマイ,05,01005,ハルちゃん印のお弁当,1070,img,,,,20180809,2,6,9,11,,桜井 春菜,,,,,,30,AQUA,,,,11.4,
No Remorse,0330,0063.png,NOREMORSE,並木 学「ケツイ ～絆地獄たち～」,VARIETY,04,01099,END CHAPTER,9020,img,,,,20180809,,,,,14,あかニャン,,,,,,50,FIRE,,,,,14
初音ミクの激唱,0340,0064.png,ハツネミクノケキシヨウ,Storyteller,niconico,02,01099,END CHAPTER,9040,img,"© Crypton Future Media, INC. www.piapro.net",,,20180809,,,,,13+,あおニャン,piapro,,,,,50,AQUA,,,,,13.9
グリーンライツ・セレナーデ,1900,0065.png,クリンライツセレナテ,Omoi feat. 初音ミク,niconico,02,00001,マイリスト,3010,img,"© Crypton Future Media, INC. www.piapro.net",,,20180823,3,6,9,12,,初音ミク,piapro,,,,,6,AQUA,,,,12.5,
Bad Apple!! feat.nomico,1770,0066.png,BADAPPLEFEATNOMICO,Masayoshi Minoshima,東方Project,03,99001,東方Project,2010,img,©上海アリス幻樂団,,,20180830,2,5,8,12,,博麗 霊夢,,,,,,1,FIRE,,,,12.5,
幻想のサテライト,1800,0067.png,ケンソウノサテライト,豚乙女,東方Project,03,99001,東方Project,2020,img,©上海アリス幻樂団,,,20180830,3,7,10,13,,霧雨 魔理沙,,,,,,5,LEAF,,,10.3,13,
Grip & Break down !!,1790,0068.png,GRIPANDBREAKDOWN,SOUND HOLIC feat. Nana Takahashi,東方Project,03,99001,東方Project,2010,img,©上海アリス幻樂団,,,20180830,3,6,9,12,,博麗 霊夢,,,,,,5,FIRE,,,,12,
ナイト・オブ・ナイツ,1780,0069.png,ナイトオフナイツ,ビートまりお,東方Project,03,99001,東方Project,2020,img,©上海アリス幻樂団,,,20180830,3,7,9+,12,,霧雨 魔理沙,,,,,,1,LEAF,,,,12.6,
ぼくらの16bit戦争,0920,0070.png,ホクラノ16BITウオス,sasakure.UK,niconico,02,01007,小星と咲姫が あらわれた！,1090,img,"GUMI(Megpoid)©INTERNET Co., LTD.",,,20180906,3,6,10,13+,,井之原 小星,,,,,,35,LEAF,,,10.3,13.7,
GAME IS LIFE,0910,0071.png,GAMEISLIFE,曲：ヒゲドライバー／歌：井之原 小星(CV：ももの はるな),オンゲキ,06,01007,小星と咲姫が あらわれた！,1090,img,,,,20180906,3,7,9+,12+,,井之原 小星,,,,,,35,LEAF,,,,12.7,
GranFatalité,0940,0072.png,GRANFATALITE,曲：ZAQ／歌：柏木 咲姫(CV：石見 舞菜香),オンゲキ,06,01007,小星と咲姫が あらわれた！,1100,img,,,,20180906,3,7,9,12,,柏木 咲姫,,,,,,35,AQUA,,,,12.6,
oboro,0930,0073.png,OBORO,ヒゲドライバー,チュウマイ,05,01007,小星と咲姫が あらわれた！,1090,img,,,,20180906,2,6,9,12+,,井之原 小星,,,,,,45,LEAF,,,,12.9,
Äventyr,0950,0074.png,AEVENTYR,Grand Thaw / Rigel Theatre,VARIETY,04,01007,小星と咲姫が あらわれた！,1100,img,,,,20180906,2,5,8+,12+,,柏木 咲姫,,,,,,35,AQUA,,,,12.7,
7thSense,0960,0075.png,7THSENSE,削除,チュウマイ,05,01007,小星と咲姫が あらわれた！,1100,img,,,,20180906,4,7+,11+,14,,柏木 咲姫,,,,,,45,AQUA,,,11.7,14,
sweet little sister,1580,0076.png,SWEETLITTLESISTER,Silver Forest,東方Project,03,99002,東方紅魔郷,2070,img,©上海アリス幻樂団,,,20180920,3,6,9,12+,,フランドール・スカーレット,,,,,,8,FIRE,,,,12.8,
Energy Booster ～ 上海紅茶館,1540,0077.png,ENERGYBOOSTERシヤンハイコウチヤカン,激戦の人,東方Project,03,99002,東方紅魔郷,2030,img,©上海アリス幻樂団,,,20180920,3,6,9,12+,,紅 美鈴,,,,,,1,LEAF,,,,12.7,
アクアテラリウム,1550,0078.png,アクアテラリウム,森羅万象,東方Project,03,99002,東方紅魔郷,2040,img,©上海アリス幻樂団,,,20180920,2,5,8,12,,パチュリー・ノーレッジ,,,,,,5,LEAF,,,,12,
四次元跳躍機関,1560,0079.png,ヨシケンチヨウヤクキカン,koutaq,東方Project,03,99002,東方紅魔郷,2050,img,©上海アリス幻樂団,,,20180920,2,5,8,12,,十六夜 咲夜,,,,,,5,AQUA,,,,12.4,
れみりあ☆デスティニー,1570,0080.png,レミリアテイステイニ,ふぉれすとぴれお,東方Project,03,99002,東方紅魔郷,2060,img,©上海アリス幻樂団,,,20180920,3,6,9,12+,,レミリア・スカーレット,,,,,,8,FIRE,,,,12.7,
ゴーストルール,1920,0081.png,コストルル,DECO*27,niconico,02,00001,マイリスト,3010,img,"© Crypton Future Media, INC. www.piapro.net",,,20181004,3,6,9+,12,,初音ミク,piapro,,,,,8,AQUA,,,,12.2,
Destiny Runner,1590,0082.png,DESTINYRUNNER,さわわ,東方Project,03,99002,東方紅魔郷,2060,img,©上海アリス幻樂団,,,20181004,3,7,10,13+,,レミリア・スカーレット,,,,,,20,FIRE,,,10,13.7,
最終鬼畜妹フランドール・Ｓ,1600,0083.png,サイシユウキチクイモウトフラントルS,ビートまりお,東方Project,03,99002,東方紅魔郷,2070,img,©上海アリス幻樂団,,,20181004,3,7,10,13+,,フランドール・スカーレット,,,,,,25,FIRE,,,10.3,13.7,
砂の惑星 feat. HATSUNE MIKU,1910,0084.png,スナノワクセイFEATHATSUNEMIKU,ハチ,niconico,02,00001,マイリスト,3010,img,Licensed by REISSUE RECORDS inc.,"© Crypton Future Media, INC. www.piapro.net",,20181004,2,5,8+,12,,初音ミク,,piapro,,,,5,AQUA,,,,12.3,
ブリキノダンス,1930,0085.png,フリキノタンス,日向電工,niconico,02,00001,マイリスト,3010,img,,,,20181004,2,5,9,11+,,初音ミク,,,,,,10,AQUA,,,,11.7,
Dazzle hop,1000,0086.png,DAZZLEHOP,Sampling Masters MEGA,オンゲキ,06,01008,世界征服のお誘い,1120,img,,,,20181018,5,9,12,14,,逢坂 茜,,,,,,50,FIRE,,,12.3,14.2,
YURUSHITE,1010,0087.png,YURUSHITE,t+pazolite,オンゲキ,06,01008,世界征服のお誘い,1120,img,,,,20181018,4,9,12,14,,逢坂 茜,,,,,,60,FIRE,,,12.3,14.6,
今ぞ♡崇め奉れ☆オマエらよ！！～姫の秘メタル渇望～,0970,0088.png,イマソアカメタテマツレオマエラヨヒメノヒメタルカツホウ,あべにゅうぷろじぇくと feat.佐倉 紗織　produced by ave;new,チュウマイ,05,01008,世界征服のお誘い,1120,img,,,,20181018,3,7,9+,13,,逢坂 茜,,,,,,35,FIRE,,,,13.5,
Kattobi KEIKYU Rider,0980,0089.png,KATTOBIKEIKYURIDER,Sampling Masters MEGA,チュウマイ,05,01008,世界征服のお誘い,1120,img,,,,20181018,3,7+,10+,13,,逢坂 茜,,,,,,40,FIRE,,,10.8,13.4,
エンドマークに希望と涙を添えて,0990,0090.png,エントマクニキホウトナミタヲソエテ,cosMo＠暴走P,チュウマイ,05,01008,世界征服のお誘い,1120,img,,,,20181018,4,8+,11+,14,,逢坂 茜,,,,,,45,FIRE,,,11.8,14.2,
TOMORROW,1320,0091.png,TOMORROW,Machico「この素晴らしい世界に祝福を！2」,POPS＆ANIME,01,99010,この素晴らしい世界に祝福を！2,5070,img,©2017 暁なつめ・三嶋くろね／ＫＡＤＯＫＡＷＡ／このすば２製作委員会,,,20181101,2,5,8+,12,,アクア,,,,,,1,AQUA,,,,12,
カミサマネジマキ,1330,0092.png,カミサマネシマキ,kemu,niconico,02,99010,この素晴らしい世界に祝福を！2,1020,img,,,,20181101,3,7,11+,13+,,藤沢 柚子,,,,,,5,LEAF,,,11.7,13.8,
幸せになれる隠しコマンドがあるらしい,1350,0093.png,シアワセニナレルカクシコマントカアルラシイ,うたたP,niconico,02,99010,この素晴らしい世界に祝福を！2,1020,img, ©2018 VOCALOMAKETS Powered by Bumpy Factory Corporation.,結月ゆかりは株式会社バンピーファクトリーの登録商標です。,,20181101,2,7,9+,13,,藤沢 柚子,,,,,,10,LEAF,,,,13.2,
チュルリラ・チュルリラ・ダッダッダ！,1360,0094.png,チユルリラチユルリラタツタツタ,和田たけあき(くらげP),niconico,02,99010,この素晴らしい世界に祝福を！2,1020,img, ©2018 VOCALOMAKETS Powered by Bumpy Factory Corporation.,結月ゆかりは株式会社バンピーファクトリーの登録商標です。,,20181101,3,7,10,12+,,藤沢 柚子,,,,,,15,LEAF,,,10,12.7,
いーあるふぁんくらぶ,1340,0095.png,イアルフアンクラフ,みきとP,niconico,02,99010,この素晴らしい世界に祝福を！2,1020,img,"© Crypton Future Media, INC. www.piapro.net","GUMI(Megpoid)©INTERNET Co., LTD.",,20181101,2,5,8,11+,,藤沢 柚子,piapro,,,,,8,LEAF,,,,11.9,
Red Battle,1370,0096.png,REDBATTLE,めぐみん（CV：高橋李依）、ゆんゆん（CV：豊崎愛生）「この素晴らしい世界に祝福を！2」,POPS＆ANIME,01,99010,この素晴らしい世界に祝福を！2,5060,img,©2017 暁なつめ・三嶋くろね／ＫＡＤＯＫＡＷＡ／このすば２製作委員会,,,20181115,1,6,8+,12,,めぐみん,,,,,,10,FIRE,,,,12.5,
わたし音頭,1380,0097.png,ワタシオント,アクア（CV：雨宮天）「この素晴らしい世界に祝福を！2」,POPS＆ANIME,01,99010,この素晴らしい世界に祝福を！2,5070,img,©2017 暁なつめ・三嶋くろね／ＫＡＤＯＫＡＷＡ／このすば２製作委員会,,,20181115,1,5,8,11,,アクア,,,,,,10,AQUA,,,,11.4,
連れ去って・閉じ込めて・好きにして,1390,0098.png,ツレサツテトシコメテスキニシテ,ダクネス（CV：茅野愛衣）「この素晴らしい世界に祝福を！2」,POPS＆ANIME,01,99010,この素晴らしい世界に祝福を！2,5080,img,©2017 暁なつめ・三嶋くろね／ＫＡＤＯＫＡＷＡ／このすば２製作委員会,,,20181115,1,5,8,10+,,ダクネス,,,,,,10,LEAF,,,,10.9,
GOODRAGE,1400,0099.png,GOODRAGE,EBIMAYO,VARIETY,04,99010,この素晴らしい世界に祝福を！2,1030,img,,,,20181115,4,7+,11,13+,,三角 葵,,,,,,30,AQUA,,,11.5,13.9,
Dragoon,1410,0100.png,DRAGOON,Shandy kubota,チュウマイ,05,99010,この素晴らしい世界に祝福を！2,1030,img,,,,20181115,3,6,9,12,,三角 葵,,,,,,30,AQUA,,,,12.6,
月に叢雲華に風,1810,0101.png,ツキニムラクモハナニカセ,幽閉サテライト,東方Project,03,99001,東方Project,2010,img,©上海アリス幻樂団,,,20181122,3,6,8+,12,,博麗 霊夢,,,,,,1,FIRE,,,,12.4,
ナイト・オブ・ナイツ,1820,0102.png,ナイトオフナイツ,ビートまりお,東方Project,03,99001,東方Project,9030,img,©上海アリス幻樂団,,,20181122,,,,,13+,みどニャン,,,,,,50,LEAF,,,,,13.8
CiRCLING,1610,0103.png,CIRCLING,Poppin’Party「バンドリ！ ガールズバンドパーティ！」,POPS＆ANIME,01,99008,バンドリ！ ガールズバンドパーティ！【第2弾】,5010,img,©BanG Dream! Project ©Craft Egg Inc. ©bushiroad All Rights Reserved.,,,20181206,2,6,8+,11+,,戸山香澄,,,,,,10,FIRE,,,,11.9,
Hey-day狂騒曲（カプリチオ）,1620,0104.png,HEYDAYカプリチオ,Afterglow「バンドリ！ ガールズバンドパーティ！」,POPS＆ANIME,01,99008,バンドリ！ ガールズバンドパーティ！【第2弾】,5020,img,©BanG Dream! Project ©Craft Egg Inc. ©bushiroad All Rights Reserved.,,,20181206,2,6,9,12,,美竹蘭,,,,,,10,FIRE,,,,12.5,
ゆら・ゆらRing-Dong-Dance,1630,0105.png,ユラユラRINGDONGDANCE,Pastel＊Palettes「バンドリ！ ガールズバンドパーティ！」,POPS＆ANIME,01,99008,バンドリ！ ガールズバンドパーティ！【第2弾】,5030,img,©BanG Dream! Project ©Craft Egg Inc. ©bushiroad All Rights Reserved.,,,20181206,3,6,9,12,,丸山彩,,,,,,10,LEAF,,,,12.3,
Opera of the wasteland,1640,0106.png,OPERAOFTHEWASTELAND,Roselia「バンドリ！ ガールズバンドパーティ！」,POPS＆ANIME,01,99008,バンドリ！ ガールズバンドパーティ！【第2弾】,5040,img,©BanG Dream! Project ©Craft Egg Inc. ©bushiroad All Rights Reserved.,,,20181206,2,6,9,12+,,湊友希那,,,,,,10,AQUA,,,,12.9,
ゴーカ！ごーかい！？ファントムシーフ！,1650,0107.png,コカコカイフアントムシフ,ハロー、ハッピーワールド！「バンドリ！ ガールズバンドパーティ！」,POPS＆ANIME,01,99008,バンドリ！ ガールズバンドパーティ！【第2弾】,5050,img,©BanG Dream! Project ©Craft Egg Inc. ©bushiroad All Rights Reserved.,,,20181206,3,7,9+,12+,,弦巻こころ,,,,,,10,LEAF,,,,12.9,
Opfer,1040,0108.jpg,OPFER,かねこちはる,オンゲキ,06,01009,黒幕はぬいぐるみ？,1130,img,,,,20181220,4,9,13,14+,,珠洲島 有栖,,,,,,60,AQUA,,,13.3,14.9,
Titania,1050,0109.jpg,TITANIA,xi,オンゲキ,06,01009,黒幕はぬいぐるみ？,1130,img,,,,20181220,5,9+,13,14+,,珠洲島 有栖,,,,,,70,AQUA,,,13.3,14.9,
怒槌,1020,0110.jpg,イカツチ,光吉猛修,チュウマイ,05,01009,黒幕はぬいぐるみ？,1130,img,,,,20181220,4,8+,12+,14,,珠洲島 有栖,,,,,,50,AQUA,,,12.7,14.5,
混沌を越えし我らが神聖なる調律主を讃えよ,1030,0111.jpg,コントンヲコエシワレラカシンセイナルチヨウリツシユヲタタエヨ,穴山大輔,チュウマイ,05,01009,黒幕はぬいぐるみ？,1130,img,,,,20181220,5,8+,12+,14,,珠洲島 有栖,,,,,,55,AQUA,,,12.9,14.5,
secret base ～君がくれたもの～ (10 years after Ver.),1440,0112.jpg,SECRETBASEキミカクレタモノ10YEARSAFTERVER,本間芽衣子(茅野愛衣)、安城鳴子(戸松遥)、鶴見知利子(早見沙織)「あの日見た花の名前を僕達はまだ知らない。」,POPS＆ANIME,01,99009,アンジュ・ヴィエルジュ,1010,img,©ANOHANA PROJECT,,,20190110,1,5,8,11,,星咲 あかり,,,,,,5,FIRE,,,,11,
HARMONIZE,1430,0113.jpg,HARMONIZE,日向 美海(CV：相坂 優歌)「アンジュ・ヴィエルジュ」,POPS＆ANIME,01,99009,アンジュ・ヴィエルジュ,5090,img,©KADOKAWA・SEGA／アンジュ・ヴィエルジュ・フィルムパートナーズ,,,20190110,2,6,8+,12,,日向 美海,,,,,,1,AQUA,,,,12.3,
God knows...,1450,0114.jpg,GODKNOWS,涼宮ハルヒ（CV.平野 綾） TVアニメ「涼宮ハルヒの憂鬱」,POPS＆ANIME,01,99009,アンジュ・ヴィエルジュ,1010,img,©2006 谷川 流・いとうのいぢ／SOS団,,,20190110,2,6,9,12+,,星咲 あかり,,,,,,8,FIRE,,,,12.8,
STEP by STEP UP↑↑↑↑,1460,0115.jpg,STEPBYSTEPUP,fourfolium［涼風青葉（CV：高田憂希）／滝本ひふみ（CV：山口 愛）／篠田はじめ（CV：戸田めぐみ）／飯島ゆん（CV：竹尾歩美）］「NEW GAME!!」,POPS＆ANIME,01,99009,アンジュ・ヴィエルジュ,1010,img,©得能正太郎・芳文社／NEW GAME!!製作委員会,,,20190110,3,6,9,12,,星咲 あかり,,,,,,10,FIRE,,,,12.4,
こころここから,1500,0116.jpg,ココロココカラ,ふわりP,チュウマイ,05,99009,アンジュ・ヴィエルジュ,1010,img,,,,20190124,1,5,8+,12,,星咲 あかり,,,,,,35,FIRE,,,,12,
ロボットプラネットユートピア,1510,0117.jpg,ロホツトフラネツトユトヒア,lumo,チュウマイ,05,99009,アンジュ・ヴィエルジュ,1020,img,,,,20190124,3,7,10,13,,藤沢 柚子,,,,,,35,LEAF,,,10.4,13,
時の冒険者,1520,0118.jpg,トキノホウケンシヤ,40mP feat.シャノ,チュウマイ,05,99009,アンジュ・ヴィエルジュ,1030,img,,,,20190124,4,7,9+,12+,,三角 葵,,,,,,35,AQUA,,,,12.9,
Love is MY RAIL,1480,0119.jpg,LOVEISMYRAIL,鈴木このみ「アンジュ・ヴィエルジュ」,POPS＆ANIME,01,99009,アンジュ・ヴィエルジュ,5100,img,©KADOKAWA・SEGA／アンジュ・ヴィエルジュ・フィルムパートナーズ,,,20190124,3,7,9,12,,彩城 天音,,,,,,10,AQUA,,,,12.3,
Link with U,1490,0120.jpg,LINKWITHU,L.I.N.K.s（相坂優歌／石原 舞／高橋李依／生田善子／山本希望）「アンジュ・ヴィエルジュ」,POPS＆ANIME,01,99009,アンジュ・ヴィエルジュ,5110,img,©KADOKAWA・SEGA／アンジュ・ヴィエルジュ・フィルムパートナーズ,,,20190124,4,7,9+,12+,,東条 遥,,,,,,10,AQUA,,,,12.9,
Link of Destiny,1470,0121.jpg,LINKOFDESTINY,相坂 優歌「アンジュ・ヴィエルジュ」,POPS＆ANIME,01,99009,アンジュ・ヴィエルジュ,5090,img,©Ange Project,,,20190124,2,6,9,12,,日向 美海,,,,,,10,AQUA,,,,12.4,
Redo,0010,0122.jpg,REDO,鈴木このみ「Re:ゼロから始める異世界生活」,POPS＆ANIME,01,02001,わくわくバイト・ミッション,1010,img,© 長月達平・株式会社KADOKAWA刊／Re:ゼロから始める異世界生活製作委員会,,,20190207,3,6,9,12,,星咲 あかり,,,,,,1,FIRE,,,,12.5,
Jump!! Jump!! Jump!!,0020,0123.jpg,JUMPJUMPJUMP,曲：宮崎誠／歌：オンゲキシューターズ,オンゲキ,06,02001,わくわくバイト・ミッション,1010,img,,,,20190207,3,6,9,12,,星咲 あかり,,,,,,2,FIRE,,,,12.6,
TAKE ON THE WORLD,0030,0124.jpg,TAKEONTHEWORLD,REDALiCE,オンゲキ,06,02001,わくわくバイト・ミッション,1010,img,,,,20190207,3,7,10,13,,星咲 あかり,,,,,,5,FIRE,,,10.2,13.2,
Grand symphony,0040,0125.jpg,GRANDSYMPHONY,佐咲紗花,POPS＆ANIME,01,02001,わくわくバイト・ミッション,1020,img,Licensed by BANDAI NAMCO Arts Inc./Lantis Records,© GIRLS und PANZER Finale Projekt,,20190207,3,6,9,12,,藤沢 柚子,,,,,,1,LEAF,,,,12.4,
TeA,0050,0126.jpg,TEA,ガリガリさむし,オンゲキ,06,02001,わくわくバイト・ミッション,1020,img,,,,20190207,3,7,10,12+,,藤沢 柚子,,,,,,5,LEAF,,,10,12.9,
流星,0070,0127.jpg,リユウセイ,藍井エイル,POPS＆ANIME,01,02001,わくわくバイト・ミッション,1030,img,,,,20190207,2,5,8+,12,,三角 葵,,,,,,1,AQUA,,,,12.3,
fulgente,0080,0128.jpg,FULGENTE,Junk,オンゲキ,06,02001,わくわくバイト・ミッション,1030,img,,,,20190207,2,6,8+,12+,,三角 葵,,,,,,5,AQUA,,,,12.7,
sister's noise,1240,0129.jpg,SISTERSNOISE,fripSide「とある科学の超電磁砲S」,POPS＆ANIME,01,99012,とある科学の超電磁砲S,5120,img,©鎌池和馬／冬川基／アスキー・メディアワークス／PROJECT-RAILGUN S,,,20190207,2,6,9,12,,御坂 美琴,,,,,,1,LEAF,,,,12.1,
超電磁少女Days,1250,0130.jpg,ガーリーDAYS,御坂美琴（佐藤利奈）「とある科学の超電磁砲」,POPS＆ANIME,01,99012,とある科学の超電磁砲S,5120,img,©鎌池和馬／冬川基／アスキー・メディアワークス／PROJECT-RAILGUN S,,,20190207,2,5,8,12,,御坂 美琴,,,,,,5,LEAF,,,,12.5,
ですのっ！White & Black,1260,0131.jpg,デスノツWHITEANDBLACK,白井黒子（新井里美）「とある科学の超電磁砲」,POPS＆ANIME,01,99012,とある科学の超電磁砲S,5130,img,©鎌池和馬／冬川基／アスキー・メディアワークス／PROJECT-RAILGUN S,,,20190207,2,5,8+,12+,,白井 黒子,,,,,,4,LEAF,,,,12.7,
ヒバナ,1710,0132.jpg,ヒハナ,DECO*27,niconico,02,99011,バーチャル・シンガー,3010,img,"© Crypton Future Media, INC. www.piapro.net",,,20190207,3,7,9+,12+,,初音ミク,piapro,,,,,1,AQUA,,,,12.7,
ロキ,1720,0133.jpg,ロキ,みきとP,niconico,02,99011,バーチャル・シンガー,3030,img,illust ろこる (@tuno901),,,20190207,3,6,8+,12+,,鏡音リン,,,,,,5,LEAF,,,,12.8,
クイーンオブハート,1730,0134.jpg,クインオフハト,奏音69×巡音ルカ,niconico,02,99011,バーチャル・シンガー,3020,img,"© Crypton Future Media, INC. www.piapro.net",,,20190207,4,7+,10,13,,巡音ルカ,piapro,,,,,8,FIRE,,,10,13.6,
Calamity Fortune,1830,0135.jpg,CALAMITYFORTUNE,LeaF,東方Project,03,99001,東方Project,2020,img,©上海アリス幻樂団,,,20190207,4,8,11+,13+,,霧雨 魔理沙,,,,,,1,LEAF,,,11.9,13.8,
ようこそジャパリパークへ,0060,0136.jpg,ヨウコソシヤハリハクヘ,どうぶつビスケッツ×PPP「けものフレンズ」,POPS＆ANIME,01,02001,わくわくバイト・ミッション,1020,img,©けものフレンズプロジェクト,,,20190207,,,,,13,藤沢 柚子,,,,,,1,LEAF,,,,,13
本能的 Survivor,0090,0137.jpg,ホンノウテキSURVIVOR,曲：eba／歌：⊿TRiEDGE [高瀬 梨緒(CV：久保 ユリカ)、結城 莉玖(CV：朝日奈 丸佳)、藍原 椿(CV：橋本 ちなみ)],オンゲキ,06,02002,ゲーセン☆チャンス！？,1040,img,,,,20190221,3,7,9+,12+,,高瀬 梨緒,,,,,,8,AQUA,,,,12.9,
アンハッピーリフレイン,0110,0138.jpg,アンハツヒリフレイン,wowaka,niconico,02,02002,ゲーセン☆チャンス！？,1050,img,,,,20190221,4,7,11,13,,結城 莉玖,,,,,,8,FIRE,,,11.3,13.1,
DAYBREAK FRONTLINE,0120,0139.jpg,DAYBREAKFRONTLINE,Orangestar,niconico,02,02002,ゲーセン☆チャンス！？,1060,img,,,,20190221,2,6,9,12+,,藍原 椿,,,,,,8,LEAF,,,,12.8,
only my railgun,1270,0140.jpg,ONLYMYRAILGUN,fripSide「とある科学の超電磁砲」,POPS＆ANIME,01,99012,とある科学の超電磁砲S,5140,img,©鎌池和馬／冬川基／アスキー・メディアワークス／PROJECT-RAILGUN S,,,20190221,2,6,9,11+,,初春 飾利,,,,,,10,LEAF,,,,11.9,
カンペキWill,1280,0141.jpg,カンヘキWILL,初春飾利（豊崎愛生）＆佐天涙子（伊藤かな恵）「とある科学の超電磁砲」,POPS＆ANIME,01,99012,とある科学の超電磁砲S,5150,img,©鎌池和馬／冬川基／アスキー・メディアワークス／PROJECT-RAILGUN S,,,20190221,2,5,8,11,,佐天 涙子,,,,,,1,LEAF,,,,11.6,
MEGATON BLAST,0100,0142.jpg,MEGATONBLAST,BlackY vs. Yooh,オンゲキ,06,02002,ゲーセン☆チャンス！？,1040,img,,,,20190221,5,9,13,14,,高瀬 梨緒,,,,,,10,AQUA,,,13.2,14.5,
初音ミクの消失,1740,0143.jpg,ハツネミクノシヨウシツ,cosMo＠暴走P,niconico,02,99011,バーチャル・シンガー,3010,img,"© Crypton Future Media, INC. www.piapro.net",,,20190307,4,8,11+,13+,,初音ミク,piapro,,,,,10,AQUA,,,11.7,13.7,
炉心融解,1750,0144.jpg,ロシンユウカイ,iroha(sasaki)／kuma(alfred),niconico,02,99011,バーチャル・シンガー,3030,img,"© Crypton Future Media, INC. www.piapro.net",,,20190307,3,7,9,12,,鏡音リン,piapro,,,,,10,LEAF,,,,12.4,
星屑ユートピア,1760,0145.jpg,ホシクスユトヒア,otetsu,niconico,02,99011,バーチャル・シンガー,3020,img,,,,20190307,4,7+,11,13,,巡音ルカ,,,,,,10,FIRE,,,11.1,13,
Tell Your World,1940,0146.jpg,TELLYOURWORLD,livetune,niconico,02,00001,マイリスト,3010,img,illustration by mebae,"© Crypton Future Media, INC. www.piapro.net","©2011 mebae/ Kaikai Kiki Co., Ltd. All Rights Reserved. \r\n©FANTASISTAUTAMARO ALL RIGHTS RESERVED.\r\n©2011 by IXY music Co.,Ltd.& TOY'S FACTORY & Crypton Future Media, Inc.",20190307,2,6,8+,11,,初音ミク,,piapro,,,,1,AQUA,,,,11.5,
＊ハロー、プラネット。,1950,0147.jpg,ハロフラネツト,sasakure.UK,niconico,02,00001,マイリスト,3010,img,"© Crypton Future Media, INC. www.piapro.net",,,20190307,2,6,9+,11+,,初音ミク,piapro,,,,,1,AQUA,,,,11.8,
からくりピエロ,1960,0148.jpg,カラクリヒエロ,40mP,niconico,02,00001,マイリスト,3010,img,"© Crypton Future Media, INC. www.piapro.net",,,20190307,1,5,8,12+,,初音ミク,piapro,,,,,1,AQUA,,,,12.8,
Cream+Mint,0160,0149.jpg,CREAMMINT,KOTOKO,POPS＆ANIME,01,02003,妄想×動揺×大暴走,1070,img,,,,20190321,2,5,8,11,,桜井 春菜,,,,,,20,AQUA,,,,11,
Kiss Me Kiss,0130,0150.jpg,KISSMEKISS,曲：大畑拓也／歌：bitter flavor [桜井 春菜(CV：近藤 玲奈)、早乙女 彩華(CV：中島 唯)],オンゲキ,06,02003,妄想×動揺×大暴走,1080,img,,,,20190321,2,6,9+,12+,,早乙女 彩華,,,,,,15,AQUA,,,,12.7,
Death Doll,0140,0151.jpg,DEATHDOLL,SHIKI,オンゲキ,06,02003,妄想×動揺×大暴走,1080,img,,,,20190321,3,7,11,13+,,早乙女 彩華,,,,,,20,AQUA,,,11.2,13.8,
Chelly spLash♪♪,0150,0152.jpg,CHELLYSPLASH,まらしぃ,オンゲキ,06,02003,妄想×動揺×大暴走,1070,img,,,,20190321,5,7+,10+,13,,桜井 春菜,,,,,,15,AQUA,,,10.9,13.5,
Sakura Fubuki,0350,0153.jpg,SAKURAFUBUKI,Street,VARIETY,04,02099,END CHAPTER（第2章）,9040,img,,,,20190321,,,,,13+,あおニャン,,,,,,50,AQUA,,,,,13.7
オンゲキ全域★アカネサマ？,1220,0154.jpg,オンケキセンイキアカネサマ,曲：MOSAIC.WAV／歌：逢坂 茜(CV：大空 直美),オンゲキ,06,99018,☆あかねさまのおんげきせいふく☆,1120,img,,,,20190401,4,7,10+,13,,逢坂 茜,,,,,,41,FIRE,,,10.8,13.5,
怒槌～光吉猛修一部謎～,1230,0155.jpg,イカツチミツヨシタケノフイチフナソ,光吉猛修,オンゲキ,06,99017,AnotherVisionへの挑戦 ～ 光吉猛修編,9040,img,,,,20190401,,,,,0,あおニャン,,,,,,1,AQUA,,,,,0
Lost Princess,1130,0156.jpg,LOSTPRINCESS,ペコリーヌ（M・A・O）、コッコロ（伊藤美来）、キャル（立花理香）「プリンセスコネクト！Re:Dive」,POPS＆ANIME,01,99013,プリンセスコネクト！Re:Dive,5160,img,"© Cygames, Inc.",,,20190411,2,5,9,11+,,ペコリーヌ,,,,,,1,AQUA,,,,11.8,
アリサのテーマ,1140,0157.jpg,アリサノテーマ,池頼広「Shadowverse」,VARIETY,04,99013,プリンセスコネクト！Re:Dive,5190,img,"© Cygames, Inc.",,,20190411,2,6,9,13,,アリサ,,,,,,5,LEAF,,,,13.6,
極上スマイル,1150,0158.jpg,コクシヨウスマイル,"Wake Up, Girls！",POPS＆ANIME,01,99013,プリンセスコネクト！Re:Dive,1010,img,"© Green Leaves / Wake Up, Girls！製作委員会",,,20190411,2,5,8+,11,,星咲 あかり,,,,,,8,FIRE,,,,11.1,
High Free Spirits,1160,0159.jpg,HIGHFREESPIRITS,TrySail,POPS＆ANIME,01,99013,プリンセスコネクト！Re:Dive,1020,img,,,,20190411,4,7,9+,12,,藤沢 柚子,,,,,,10,LEAF,,,,12.6,
Paradise Lost,1170,0160.jpg,PARADISELOST,茅原実里,POPS＆ANIME,01,99013,プリンセスコネクト！Re:Dive,1030,img,©BANDAI NAMCO Arts Inc.／Lantis Records,,,20190411,3,6,9,12,,三角 葵,,,,,,15,AQUA,,,,12.5,
Connecting Happy!!,1180,0161.jpg,CONNECTINGHAPPY,ペコリーヌ（M・A・O）、コッコロ（伊藤美来）、キャル（立花理香）「プリンセスコネクト！Re:Dive」,POPS＆ANIME,01,99013,プリンセスコネクト！Re:Dive,5180,img,"© Cygames, Inc.",,,20190425,3,6,9,12,,キャル,,,,,,10,AQUA,,,,12.4,
シャルル,1190,0162.jpg,シヤルル,バルーン,niconico,02,99013,プリンセスコネクト！Re:Dive,1010,img,,,,20190425,2,5,8+,12,,星咲 あかり,,,,,,10,FIRE,,,,12,
メニメニマニマニ,1200,0163.jpg,メニメニマニマニ,高宮なすの(CV:鳴海杏子)「てーきゅう」,POPS＆ANIME,01,99013,プリンセスコネクト！Re:Dive,1020,img,©ルーツ/Piyo/アース・スターエンターテイメント/亀井戸高校テニス部,,,20190425,3,6,9+,13,,藤沢 柚子,,,,,,30,LEAF,,,,13.1,
ネ！コ！,1210,0164.jpg,ネコ,パトリシア・オブ・エンド・黒木未知・夕莉シャチ・明日原ユウキ「ノラと皇女と野良猫ハート」,POPS＆ANIME,01,99013,プリンセスコネクト！Re:Dive,1030,img,© HARUKAZE,,,20190425,3,6,9,12+,,三角 葵,,,,,,30,AQUA,,,,12.7,
エピクロスの虹はもう見えない,1530,0165.jpg,エヒクロスノニシハモウミエナイ,SYNC.ART'S feat.美里,東方Project,03,99014,東方紅魔郷（リバイバル）,2030,img,©上海アリス幻樂団,,,20190509,2,6,9,13,,紅 美鈴,,,,,,40,LEAF,,,,13.6,
Sentimental Snow,0210,0166.jpg,SENTIMENTALSNOW,霜月はるか,チュウマイ,05,02004,おかえりなさいませ！ ご主人さま♪,1100,img,,,,20190509,2,5,8,12,,柏木 咲姫,,,,,,25,AQUA,,,,12,
めんどーい！やっほーい！ともだち！,0170,0167.jpg,メントイヤツホイトモタチ,曲：前山田健一／歌：7EVENDAYS⇔HOLIDAYS [井之原 小星(CV：ももの はるな)、柏木 咲姫(CV：石見 舞菜香)],オンゲキ,06,02004,おかえりなさいませ！ ご主人さま♪,1090,img,,,,20190509,3,6,9+,12+,,井之原 小星,,,,,,15,LEAF,,,,12.7,
BOUNCE & DANCE,0180,0168.jpg,BOUNCEANDDANCE,IOSYS TRAX,オンゲキ,06,02004,おかえりなさいませ！ ご主人さま♪,1090,img,,,,20190509,2,7,10,13,,井之原 小星,,,,,,20,LEAF,,,10.4,13.3,
心,0190,0169.jpg,ココロ,削除 (Violin : Katali),オンゲキ,06,02004,おかえりなさいませ！ ご主人さま♪,1100,img,,,,20190509,3,6,9,14,,柏木 咲姫,,,,,,30,AQUA,,,,14.4,
終わりの先の音節,0200,0170.jpg,オワリノサキノオンセツ,少女病,POPS＆ANIME,01,02004,おかえりなさいませ！ ご主人さま♪,1100,img,,,,20190509,4,7,11,13,,柏木 咲姫,,,,,,25,AQUA,,,11,13.3,
進捗どうですか？,1060,0171.jpg,シンチヨクトウテスカ,sumijun(Halozy) feat. ななひら(Confetto),東方Project,03,99003,東方妖々夢,2290,img,©上海アリス幻樂団,,,20190523,3,6,9+,12,,橙,,,,,NEW,5,FIRE,,,,12.6,
東方妖々夢 ～the maximum moving about～,1070,0172.jpg,トウホウヨウヨウムTHEMAXIMUMMOVINGABOUT,石鹸屋,東方Project,03,99003,東方妖々夢,2320,img,©上海アリス幻樂団,,,20190523,3,7,10,12+,,魂魄 妖夢,,,,,NEW,8,LEAF,,,10,12.7,
寒想桜,1080,0173.jpg,カンソウサクラ,あ～るの～と（いえろ～ぜぶら）,東方Project,03,99003,東方妖々夢,2330,img,©上海アリス幻樂団,,,20190523,2,5,8+,12,,西行寺 幽々子,,,,,NEW,10,LEAF,,,,12.1,
妖狐仙楽踏,1090,0174.jpg,ヨウコセンカクトウ,片霧烈火＆橋本鏡也,東方Project,03,99003,東方妖々夢,2300,img,©上海アリス幻樂団,,,20190523,2,6,10+,13,,八雲 藍,,,,,NEW,20,AQUA,,,10.7,13.2,
Necro Fantasia,1100,0175.jpg,NECROFANTASIA,Masayoshi Minoshima,東方Project,03,99003,東方妖々夢,2310,img,©上海アリス幻樂団,,,20190523,3,6,9,12+,,八雲 紫,,,,,NEW,25,AQUA,,,,12.9,